target,source,music,protocol,fraction,fold,repeat,N,MAE,skill,spearman
movie,(target-only),False,A,1.0,0,0,98,0.47959183673469385,0.3892416719461347,0.6442319551546849
movie,tv,False,B,0.0,0,0,98,0.673469387755102,0.14233936911584866,0.5325204097971531
movie,tv,False,C,0.0,0,0,98,0.673469387755102,0.14233936911584866,0.5325204097971531
movie,tv,False,C,0.5,0,0,98,0.5255102040816326,0.33076481074948794,0.60816397016917
movie,tv,False,C,1.0,0,0,98,0.4642857142857143,0.4087339590116835,0.6845935358023947
movie,game,False,B,0.0,0,0,98,1.0255102040816326,-0.3059832333917758,-0.3117959266144732
movie,game,False,C,0.0,0,0,98,1.0255102040816326,-0.3059832333917758,-0.3117959266144732
movie,game,False,C,0.5,0,0,98,0.4897959183673469,0.3762468139024354,0.6531535644629448
movie,game,False,C,1.0,0,0,98,0.49489795918367346,0.36974938488058573,0.636095879112194
movie,book,False,B,0.0,0,0,98,0.7755102040816326,0.012390788678856013,-0.14024265878378414
movie,book,False,C,0.0,0,0,98,0.7755102040816326,0.012390788678856013,-0.14024265878378414
movie,book,False,C,0.5,0,0,98,0.4897959183673469,0.3762468139024354,0.6702518373691057
movie,book,False,C,1.0,0,0,98,0.4897959183673469,0.3762468139024354,0.6228369093635183
movie,tv+game,False,B,0.0,0,0,98,0.826530612244898,-0.05258350153964031,0.09739903345213533
movie,tv+game,False,C,0.0,0,0,98,0.826530612244898,-0.05258350153964031,0.09739903345213533
movie,tv+game,False,C,0.5,0,0,98,0.5204081632653061,0.3372622397713375,0.6163381360387512
movie,tv+game,False,C,1.0,0,0,98,0.5,0.36325195585873615,0.6575855935982297
movie,tv+book,False,B,0.0,0,0,98,0.7244897959183674,0.07736507889735234,0.12402720510372918
movie,tv+book,False,C,0.0,0,0,98,0.7244897959183674,0.07736507889735234,0.12402720510372918
movie,tv+book,False,C,0.5,0,0,98,0.5306122448979592,0.32426738172763825,0.6194274314967547
movie,tv+book,False,C,1.0,0,0,98,0.5102040816326531,0.3502570978150369,0.6313731601245236
movie,game+book,False,B,0.0,0,0,98,0.7448979591836735,0.051375362809953695,0.06891957522829381
movie,game+book,False,C,0.0,0,0,98,0.7448979591836735,0.051375362809953695,0.06891957522829381
movie,game+book,False,C,0.5,0,0,98,0.5357142857142857,0.31776995270578867,0.6299253522096998
movie,game+book,False,C,1.0,0,0,98,0.4846938775510204,0.382744242924285,0.6507268905798567
movie,tv+game+book,False,B,0.0,0,0,98,0.7193877551020408,0.08386250791920202,0.07614514532112397
movie,tv+game+book,False,C,0.0,0,0,98,0.7193877551020408,0.08386250791920202,0.07614514532112397
movie,tv+game+book,False,C,0.5,0,0,98,0.5051020408163265,0.3567545268368866,0.6667839923641322
movie,tv+game+book,False,C,1.0,0,0,98,0.45918367346938777,0.4152313880335331,0.6668071136156564
movie,(target-only),False,A,1.0,8,0,88,0.5568181818181818,0.26397682877542783,0.5838694910025379
movie,tv,False,B,0.0,8,0,88,0.7272727272727273,0.03866361309443622,0.2947667633073755
movie,tv,False,C,0.0,8,0,88,0.7272727272727273,0.03866361309443622,0.2947667633073755
movie,tv,False,C,0.5,8,0,88,0.6079545454545454,0.19638286407113037,0.5380173169636836
movie,tv,False,C,1.0,8,0,88,0.5738636363636364,0.2414455072073286,0.5447835573268098
movie,game,False,B,0.0,8,0,88,0.8465909090909091,-0.11905563788225781,0.10441039495319628
movie,game,False,C,0.0,8,0,88,0.8465909090909091,-0.11905563788225781,0.10441039495319628
movie,game,False,C,0.5,8,0,88,0.5909090909090909,0.21891418563922938,0.5672728674734437
movie,game,False,C,1.0,8,0,88,0.5454545454545454,0.2789977098208273,0.5860007285438835
movie,book,False,B,0.0,8,0,88,0.9090909090909091,-0.20167048363195472,-0.16788131550273
movie,book,False,C,0.0,8,0,88,0.9090909090909091,-0.20167048363195472,-0.16788131550273
movie,book,False,C,0.5,8,0,88,0.5681818181818182,0.24895594773002827,0.5857191291280776
movie,book,False,C,1.0,8,0,88,0.5625,0.25646638825272805,0.569695776972419
movie,tv+game,False,B,0.0,8,0,88,0.75,0.008621851003637437,0.20881459241403527
movie,tv+game,False,C,0.0,8,0,88,0.75,0.008621851003637437,0.20881459241403527
movie,tv+game,False,C,0.5,8,0,88,0.6079545454545454,0.19638286407113037,0.5386766690728566
movie,tv+game,False,C,1.0,8,0,88,0.5284090909090909,0.3015290313889263,0.5960684159963378
movie,tv+book,False,B,0.0,8,0,88,0.7954545454545454,-0.05146167317796024,-0.11614389411063933
movie,tv+book,False,C,0.0,8,0,88,0.7954545454545454,-0.05146167317796024,-0.11614389411063933
movie,tv+book,False,C,0.5,8,0,88,0.6022727272727273,0.20389330459383004,0.5138737669903495
movie,tv+book,False,C,1.0,8,0,88,0.5511363636363636,0.2714872692981275,0.5761832015126922
movie,game+book,False,B,0.0,8,0,88,0.7897727272727273,-0.043951232655260686,0.021753241493250104
movie,game+book,False,C,0.0,8,0,88,0.7897727272727273,-0.043951232655260686,0.021753241493250104
movie,game+book,False,C,0.5,8,0,88,0.6022727272727273,0.20389330459383004,0.512726094106103
movie,game+book,False,C,1.0,8,0,88,0.5511363636363636,0.2714872692981275,0.5830117061096443
movie,tv+game+book,False,B,0.0,8,0,88,0.7784090909090909,-0.028930351609861127,-0.07856856658318903
movie,tv+game+book,False,C,0.0,8,0,88,0.7784090909090909,-0.028930351609861127,-0.07856856658318903
movie,tv+game+book,False,C,0.5,8,0,88,0.6079545454545454,0.19638286407113037,0.5379712740746089
movie,tv+game+book,False,C,1.0,8,0,88,0.5568181818181818,0.26397682877542783,0.5672727888814643
movie,(target-only),False,A,1.0,16,0,100,0.545,0.3520319930825766,0.7209417238047837
movie,tv,False,B,0.0,16,0,100,0.68,0.19152615650670113,0.5027068230775493
movie,tv,False,C,0.0,16,0,100,0.68,0.19152615650670113,0.5027068230775493
movie,tv,False,C,0.5,16,0,100,0.565,0.3282533506268914,0.7227015572992106
movie,tv,False,C,1.0,16,0,100,0.53,0.3698659749243406,0.7366721539308789
movie,game,False,B,0.0,16,0,100,0.99,-0.17704280155642027,-0.13937164280935224
movie,game,False,C,0.0,16,0,100,0.99,-0.17704280155642027,-0.13937164280935224
movie,game,False,C,0.5,16,0,100,0.575,0.31636402939904884,0.6956757208163892
movie,game,False,C,1.0,16,0,100,0.555,0.340142671854734,0.7310858655477255
movie,book,False,B,0.0,16,0,100,1.06,-0.2602680501513188,0.01908626193515567
movie,book,False,C,0.0,16,0,100,1.06,-0.2602680501513188,0.01908626193515567
movie,book,False,C,0.5,16,0,100,0.605,0.28069606571552086,0.6835550401711138
movie,book,False,C,1.0,16,0,100,0.535,0.3639213143104193,0.7417588066638249
movie,tv+game,False,B,0.0,16,0,100,0.835,0.007241677475140484,0.2125907800783588
movie,tv+game,False,C,0.0,16,0,100,0.835,0.007241677475140484,0.2125907800783588
movie,tv+game,False,C,0.5,16,0,100,0.62,0.262862083873757,0.6652462542541285
movie,tv+game,False,C,1.0,16,0,100,0.52,0.3817552961521832,0.7625490769221371
movie,tv+book,False,B,0.0,16,0,100,0.81,0.03696498054474695,0.23495718028246562
movie,tv+book,False,C,0.0,16,0,100,0.81,0.03696498054474695,0.23495718028246562
movie,tv+book,False,C,0.5,16,0,100,0.595,0.29258538694336356,0.6798319165274741
movie,tv+book,False,C,1.0,16,0,100,0.545,0.3520319930825766,0.7378563385116559
movie,game+book,False,B,0.0,16,0,100,0.86,-0.022481625594466204,0.048365329190978495
movie,game+book,False,C,0.0,16,0,100,0.86,-0.022481625594466204,0.048365329190978495
movie,game+book,False,C,0.5,16,0,100,0.62,0.262862083873757,0.6533334248963515
movie,game+book,False,C,1.0,16,0,100,0.53,0.3698659749243406,0.7376986770337405
movie,tv+game+book,False,B,0.0,16,0,100,0.86,-0.022481625594466204,0.05923875784641807
movie,tv+game+book,False,C,0.0,16,0,100,0.86,-0.022481625594466204,0.05923875784641807
movie,tv+game+book,False,C,0.5,16,0,100,0.61,0.27475140510159957,0.6635344520653333
movie,tv+game+book,False,C,1.0,16,0,100,0.55,0.3460873324686553,0.7412969466645878
movie,(target-only),False,A,1.0,24,0,101,0.5198019801980198,0.32032078472958647,0.7006054695401169
movie,tv,False,B,0.0,24,0,101,0.7178217821782178,0.06139536938847667,0.27591198831069863
movie,tv,False,C,0.0,24,0,101,0.7178217821782178,0.06139536938847667,0.27591198831069863
movie,tv,False,C,0.5,24,0,101,0.5445544554455446,0.28795510781194766,0.6690877078244911
movie,tv,False,C,1.0,24,0,101,0.504950495049505,0.3397401908801697,0.7251460624500408
movie,game,False,B,0.0,24,0,101,0.9405940594059405,-0.22989572287027205,-0.16465735907262635
movie,game,False,C,0.0,24,0,101,0.9405940594059405,-0.22989572287027205,-0.16465735907262635
movie,game,False,C,0.5,24,0,101,0.5346534653465347,0.30090137857900323,0.6862669555522379
movie,game,False,C,1.0,24,0,101,0.5148514851485149,0.32679392011311426,0.7021980236527602
movie,book,False,B,0.0,24,0,101,0.9306930693069307,-0.2169494521032167,0.05644762704733179
movie,book,False,C,0.0,24,0,101,0.9306930693069307,-0.2169494521032167,0.05644762704733179
movie,book,False,C,0.5,24,0,101,0.5544554455445545,0.2750088370448922,0.6402210493658621
movie,book,False,C,1.0,24,0,101,0.5297029702970297,0.307374513962531,0.6596263671081181
movie,tv+game,False,B,0.0,24,0,101,0.8267326732673267,-0.0810136090491338,-0.09454125581440913
movie,tv+game,False,C,0.0,24,0,101,0.8267326732673267,-0.0810136090491338,-0.09454125581440913
movie,tv+game,False,C,0.5,24,0,101,0.5198019801980198,0.32032078472958647,0.6956046642978263
movie,tv+game,False,C,1.0,24,0,101,0.504950495049505,0.3397401908801697,0.7124839897016559
movie,tv+book,False,B,0.0,24,0,101,0.7376237623762376,0.03550282785436565,0.21263306050270633
movie,tv+book,False,C,0.0,24,0,101,0.7376237623762376,0.03550282785436565,0.21263306050270633
movie,tv+book,False,C,0.5,24,0,101,0.5396039603960396,0.29442824319547545,0.6707260097204484
movie,tv+book,False,C,1.0,24,0,101,0.5,0.3462133262636975,0.705925499249966
movie,game+book,False,B,0.0,24,0,101,0.7673267326732673,-0.0033359844468008326,0.036237153541851114
movie,game+book,False,C,0.0,24,0,101,0.7673267326732673,-0.0033359844468008326,0.036237153541851114
movie,game+book,False,C,0.5,24,0,101,0.5445544554455446,0.28795510781194766,0.6516429196077773
movie,game+book,False,C,1.0,24,0,101,0.5346534653465347,0.30090137857900323,0.6433586909998485
movie,tv+game+book,False,B,0.0,24,0,101,0.7772277227722773,-0.0162822552138564,0.06888189940162853
movie,tv+game+book,False,C,0.0,24,0,101,0.7772277227722773,-0.0162822552138564,0.06888189940162853
movie,tv+game+book,False,C,0.5,24,0,101,0.5297029702970297,0.307374513962531,0.6632911427987768
movie,tv+game+book,False,C,1.0,24,0,101,0.5445544554455446,0.28795510781194766,0.6377885644997283
movie,(target-only),False,A,1.0,32,0,98,0.5459183673469388,0.26789648431439483,0.6014870020402943
movie,tv,False,B,0.0,32,0,98,0.6887755102040817,0.0763179942284421,0.3249994840398113
movie,tv,False,C,0.0,32,0,98,0.6887755102040817,0.0763179942284421,0.3249994840398113
movie,tv,False,C,0.5,32,0,98,0.5510204081632653,0.26105439538275377,0.5567685624571
movie,tv,False,C,1.0,32,0,98,0.5408163265306123,0.274738573246036,0.5998000753295399
movie,game,False,B,0.0,32,0,98,0.8928571428571429,-0.19736556303720465,-0.16160568426390404
movie,game,False,C,0.0,32,0,98,0.8928571428571429,-0.19736556303720465,-0.16160568426390404
movie,game,False,C,0.5,32,0,98,0.5612244897959183,0.2473702175194714,0.5606926013553641
movie,game,False,C,1.0,32,0,98,0.5510204081632653,0.26105439538275377,0.6097224350661206
movie,book,False,B,0.0,32,0,98,0.8214285714285714,-0.10157631799422817,0.014741060387706237
movie,book,False,C,0.0,32,0,98,0.8214285714285714,-0.10157631799422817,0.014741060387706237
movie,book,False,C,0.5,32,0,98,0.5408163265306123,0.274738573246036,0.6018584711749315
movie,book,False,C,1.0,32,0,98,0.5663265306122449,0.24052812858783013,0.5717188705685359
movie,tv+game,False,B,0.0,32,0,98,0.7653061224489796,-0.026313339746175446,0.09354792175254295
movie,tv+game,False,C,0.0,32,0,98,0.7653061224489796,-0.026313339746175446,0.09354792175254295
movie,tv+game,False,C,0.5,32,0,98,0.576530612244898,0.22684395072454777,0.5603551888804688
movie,tv+game,False,C,1.0,32,0,98,0.5204081632653061,0.3021069289726007,0.6550711016229549
movie,tv+book,False,B,0.0,32,0,98,0.7295918367346939,0.021581282775312793,0.1082451635038953
movie,tv+book,False,C,0.0,32,0,98,0.7295918367346939,0.021581282775312793,0.1082451635038953
movie,tv+book,False,C,0.5,32,0,98,0.5510204081632653,0.26105439538275377,0.554746625331932
movie,tv+book,False,C,1.0,32,0,98,0.5459183673469388,0.26789648431439483,0.6237950836873944
movie,game+book,False,B,0.0,32,0,98,0.7397959183673469,0.00789710491203044,-0.019314387031725257
movie,game+book,False,C,0.0,32,0,98,0.7397959183673469,0.00789710491203044,-0.019314387031725257
movie,game+book,False,C,0.5,32,0,98,0.5561224489795918,0.2542123064511125,0.5621418885569738
movie,game+book,False,C,1.0,32,0,98,0.5306122448979592,0.28842275110931836,0.621036330153408
movie,tv+game+book,False,B,0.0,32,0,98,0.7704081632653061,-0.03315542867781662,-0.09087986871288961
movie,tv+game+book,False,C,0.0,32,0,98,0.7704081632653061,-0.03315542867781662,-0.09087986871288961
movie,tv+game+book,False,C,0.5,32,0,98,0.5561224489795918,0.2542123064511125,0.5849099701635077
movie,tv+game+book,False,C,1.0,32,0,98,0.5459183673469388,0.26789648431439483,0.6203520451823126
movie,(target-only),False,A,1.0,40,0,98,0.5051020408163265,0.2927196734059099,0.6673258509120265
movie,tv,False,B,0.0,40,0,98,0.6275510204081632,0.12125777604976673,0.5079943054366489
movie,tv,False,C,0.0,40,0,98,0.6275510204081632,0.12125777604976673,0.5079943054366489
movie,tv,False,C,0.5,40,0,98,0.5153061224489796,0.2784311819595646,0.6448317082896828
movie,tv,False,C,1.0,40,0,98,0.4897959183673469,0.31415241057542775,0.688144402298463
movie,game,False,B,0.0,40,0,98,0.7959183673469388,-0.11450233281492994,0.00370254085219445
movie,game,False,C,0.0,40,0,98,0.7959183673469388,-0.11450233281492994,0.00370254085219445
movie,game,False,C,0.5,40,0,98,0.4744897959183674,0.3355851477449455,0.6735224815574663
movie,game,False,C,1.0,40,0,98,0.5306122448979592,0.25699844479004663,0.6393879291953438
movie,book,False,B,0.0,40,0,98,0.9540816326530612,-0.33597395023328147,-0.11636472988181258
movie,book,False,C,0.0,40,0,98,0.9540816326530612,-0.33597395023328147,-0.11636472988181258
movie,book,False,C,0.5,40,0,98,0.5102040816326531,0.28557542768273714,0.6569476774785391
movie,book,False,C,1.0,40,0,98,0.5102040816326531,0.28557542768273714,0.6636966300226848
movie,tv+game,False,B,0.0,40,0,98,0.7193877551020408,-0.007338646967340434,0.24493432446148483
movie,tv+game,False,C,0.0,40,0,98,0.7193877551020408,-0.007338646967340434,0.24493432446148483
movie,tv+game,False,C,0.5,40,0,98,0.47959183673469385,0.328440902021773,0.6986174593152404
movie,tv+game,False,C,1.0,40,0,98,0.47959183673469385,0.328440902021773,0.6839964687762223
movie,tv+book,False,B,0.0,40,0,98,0.673469387755102,0.05695956454121309,0.18757594444913953
movie,tv+book,False,C,0.0,40,0,98,0.673469387755102,0.05695956454121309,0.18757594444913953
movie,tv+book,False,C,0.5,40,0,98,0.5153061224489796,0.2784311819595646,0.6519260988608545
movie,tv+book,False,C,1.0,40,0,98,0.5408163265306123,0.24270995334370138,0.6209673891525526
movie,game+book,False,B,0.0,40,0,98,0.7091836734693877,0.006949844479004708,0.052029778053672336
movie,game+book,False,C,0.0,40,0,98,0.7091836734693877,0.006949844479004708,0.052029778053672336
movie,game+book,False,C,0.5,40,0,98,0.5459183673469388,0.23556570762052875,0.5937075649432061
movie,game+book,False,C,1.0,40,0,98,0.5255102040816326,0.26414269051321937,0.6671138979854818
movie,tv+game+book,False,B,0.0,40,0,98,0.7295918367346939,-0.02162713841368591,-0.032016162620034296
movie,tv+game+book,False,C,0.0,40,0,98,0.7295918367346939,-0.02162713841368591,-0.032016162620034296
movie,tv+game+book,False,C,0.5,40,0,98,0.5204081632653061,0.2712869362363919,0.6504439162867489
movie,tv+game+book,False,C,1.0,40,0,98,0.5204081632653061,0.2712869362363919,0.6443911003154487
movie,(target-only),False,A,1.0,48,0,97,0.5257731958762887,0.3088752129406528,0.6836727679624046
movie,tv,False,B,0.0,48,0,97,0.6701030927835051,0.1191546831596555,0.3371127323856464
movie,tv,False,C,0.0,48,0,97,0.6701030927835051,0.1191546831596555,0.3371127323856464
movie,tv,False,C,0.5,48,0,97,0.5876288659793815,0.22756641446308246,0.6353087203505972
movie,tv,False,C,1.0,48,0,97,0.5463917525773195,0.28177228011479605,0.6611003581120736
movie,game,False,B,0.0,48,0,97,0.7835051546391752,-0.029911447382556577,0.09286658697039912
movie,game,False,C,0.0,48,0,97,0.7835051546391752,-0.029911447382556577,0.09286658697039912
movie,game,False,C,0.5,48,0,97,0.5360824742268041,0.2953237465277244,0.6746922037437748
movie,game,False,C,1.0,48,0,97,0.5257731958762887,0.3088752129406528,0.7060094931616004
movie,book,False,B,0.0,48,0,97,0.9948453608247423,-0.3077165088475884,0.15496037862719914
movie,book,False,C,0.0,48,0,97,0.9948453608247423,-0.3077165088475884,0.15496037862719914
movie,book,False,C,0.5,48,0,97,0.5618556701030928,0.2614450804954034,0.6683816060700872
movie,book,False,C,1.0,48,0,97,0.4948453608247423,0.3495296121794379,0.757584379067114
movie,tv+game,False,B,0.0,48,0,97,0.6752577319587629,0.1123789499531912,0.2151485238282764
movie,tv+game,False,C,0.0,48,0,97,0.6752577319587629,0.1123789499531912,0.2151485238282764
movie,tv+game,False,C,0.5,48,0,97,0.5927835051546392,0.22079068125661827,0.641934546719291
movie,tv+game,False,C,1.0,48,0,97,0.5463917525773195,0.28177228011479605,0.6677999668780086
movie,tv+book,False,B,0.0,48,0,97,0.7474226804123711,0.017518685062692607,0.28815297187234234
movie,tv+book,False,C,0.0,48,0,97,0.7474226804123711,0.017518685062692607,0.28815297187234234
movie,tv+book,False,C,0.5,48,0,97,0.6082474226804123,0.20046348163722583,0.58494035266223
movie,tv+book,False,C,1.0,48,0,97,0.5567010309278351,0.26822081370186757,0.6690093783082237
movie,game+book,False,B,0.0,48,0,97,0.7938144329896907,-0.04346291379548495,0.029551404175218985
movie,game+book,False,C,0.0,48,0,97,0.7938144329896907,-0.04346291379548495,0.029551404175218985
movie,game+book,False,C,0.5,48,0,97,0.5773195876288659,0.24111788087601094,0.6302131332760166
movie,game+book,False,C,1.0,48,0,97,0.5412371134020618,0.28854801332126023,0.6999647159975738
movie,tv+game+book,False,B,0.0,48,0,97,0.7422680412371134,0.024294418269156792,0.17803336756426244
movie,tv+game+book,False,C,0.0,48,0,97,0.7422680412371134,0.024294418269156792,0.17803336756426244
movie,tv+game+book,False,C,0.5,48,0,97,0.5927835051546392,0.22079068125661827,0.6210225044052942
movie,tv+game+book,False,C,1.0,48,0,97,0.5257731958762887,0.3088752129406528,0.7299553834583437
tv,(target-only),False,A,1.0,0,0,18,0.5833333333333334,0.2821818181818181,0.5943838952329384
tv,movie,False,B,0.0,0,0,18,0.6944444444444444,0.1454545454545454,0.5851650371556576
tv,movie,False,C,0.0,0,0,18,0.6944444444444444,0.1454545454545454,0.5851650371556576
tv,movie,False,C,0.5,0,0,18,0.7222222222222222,0.11127272727272719,0.47465334295213263
tv,movie,False,C,1.0,0,0,18,0.7222222222222222,0.11127272727272719,0.47465334295213263
tv,game,False,B,0.0,0,0,18,1.0,-0.2305454545454546,-0.30901412045364673
tv,game,False,C,0.0,0,0,18,1.0,-0.2305454545454546,-0.30901412045364673
tv,game,False,C,0.5,0,0,18,0.6944444444444444,0.1454545454545454,0.33475768677578116
tv,game,False,C,1.0,0,0,18,0.5555555555555556,0.3163636363636363,0.49730439003958093
tv,book,False,B,0.0,0,0,18,0.8333333333333334,-0.02545454545454562,0.0
tv,book,False,C,0.0,0,0,18,0.8333333333333334,-0.02545454545454562,0.0
tv,book,False,C,0.5,0,0,18,0.8611111111111112,-0.05963636363636371,0.07428960245641321
tv,book,False,C,1.0,0,0,18,0.75,0.07709090909090899,0.21029775604801498
tv,movie+game,False,B,0.0,0,0,18,0.7222222222222222,0.11127272727272719,0.505823004101278
tv,movie+game,False,C,0.0,0,0,18,0.7222222222222222,0.11127272727272719,0.505823004101278
tv,movie+game,False,C,0.5,0,0,18,0.6666666666666666,0.1796363636363636,0.6253656638885412
tv,movie+game,False,C,1.0,0,0,18,0.6388888888888888,0.2138181818181818,0.6199311949925658
tv,movie+book,False,B,0.0,0,0,18,0.6944444444444444,0.1454545454545454,0.6149894647625985
tv,movie+book,False,C,0.0,0,0,18,0.6944444444444444,0.1454545454545454,0.6149894647625985
tv,movie+book,False,C,0.5,0,0,18,0.7222222222222222,0.11127272727272719,0.5415227447265212
tv,movie+book,False,C,1.0,0,0,18,0.6666666666666666,0.1796363636363636,0.6253656638885412
tv,game+book,False,B,0.0,0,0,18,0.6944444444444444,0.1454545454545454,0.3937104319747054
tv,game+book,False,C,0.0,0,0,18,0.6944444444444444,0.1454545454545454,0.3937104319747054
tv,game+book,False,C,0.5,0,0,18,0.6944444444444444,0.1454545454545454,0.3444750658113045
tv,game+book,False,C,1.0,0,0,18,0.5833333333333334,0.2821818181818181,0.5782893052167959
tv,movie+game+book,False,B,0.0,0,0,18,0.7222222222222222,0.11127272727272719,0.505823004101278
tv,movie+game+book,False,C,0.0,0,0,18,0.7222222222222222,0.11127272727272719,0.505823004101278
tv,movie+game+book,False,C,0.5,0,0,18,0.6388888888888888,0.2138181818181818,0.7078846229198553
tv,movie+game+book,False,C,1.0,0,0,18,0.6388888888888888,0.2138181818181818,0.7078846229198553
tv,(target-only),False,A,1.0,8,0,17,0.7352941176470589,0.10669350780070441,0.40680214404990145
tv,movie,False,B,0.0,8,0,17,0.6764705882352942,0.17815802717664808,0.374675068424218
tv,movie,False,C,0.0,8,0,17,0.6764705882352942,0.17815802717664808,0.374675068424218
tv,movie,False,C,0.5,8,0,17,0.6470588235294118,0.21389028686461986,0.4648726241623023
tv,movie,False,C,1.0,8,0,17,0.7058823529411765,0.1424257674886762,0.30711720875973464
tv,game,False,B,0.0,8,0,17,0.9705882352941176,-0.17916456970307015,0.16091651871305696
tv,game,False,C,0.0,8,0,17,0.9705882352941176,-0.17916456970307015,0.16091651871305696
tv,game,False,C,0.5,8,0,17,0.6764705882352942,0.17815802717664808,0.7108695996664605
tv,game,False,C,1.0,8,0,17,0.6470588235294118,0.21389028686461986,0.6590636695557075
tv,book,False,B,0.0,8,0,17,0.7058823529411765,0.1424257674886762,0.1436992170182151
tv,book,False,C,0.0,8,0,17,0.7058823529411765,0.1424257674886762,0.1436992170182151
tv,book,False,C,0.5,8,0,17,0.8823529411764706,-0.07196779063915448,-0.058272778948249365
tv,book,False,C,1.0,8,0,17,0.6764705882352942,0.17815802717664808,0.4557801048013033
tv,movie+game,False,B,0.0,8,0,17,0.7058823529411765,0.1424257674886762,0.23193747471090967
tv,movie+game,False,C,0.0,8,0,17,0.7058823529411765,0.1424257674886762,0.23193747471090967
tv,movie+game,False,C,0.5,8,0,17,0.7058823529411765,0.1424257674886762,0.3753091073611106
tv,movie+game,False,C,1.0,8,0,17,0.7058823529411765,0.1424257674886762,0.32669409134914124
tv,movie+book,False,B,0.0,8,0,17,0.7058823529411765,0.1424257674886762,0.2616834143068294
tv,movie+book,False,C,0.0,8,0,17,0.7058823529411765,0.1424257674886762,0.2616834143068294
tv,movie+book,False,C,0.5,8,0,17,0.7058823529411765,0.1424257674886762,0.38919464435007456
tv,movie+book,False,C,1.0,8,0,17,0.6764705882352942,0.17815802717664808,0.3529929001576859
tv,game+book,False,B,0.0,8,0,17,0.7647058823529411,0.07096124811273274,0.2872041597686533
tv,game+book,False,C,0.0,8,0,17,0.7647058823529411,0.07096124811273274,0.2872041597686533
tv,game+book,False,C,0.5,8,0,17,0.8823529411764706,-0.07196779063915448,-0.0022078623908043413
tv,game+book,False,C,1.0,8,0,17,0.8235294117647058,-0.0005032712632109249,0.2950726380329919
tv,movie+game+book,False,B,0.0,8,0,17,0.6470588235294118,0.21389028686461986,0.49926440887487195
tv,movie+game+book,False,C,0.0,8,0,17,0.6470588235294118,0.21389028686461986,0.49926440887487195
tv,movie+game+book,False,C,0.5,8,0,17,0.6470588235294118,0.21389028686461986,0.49926440887487195
tv,movie+game+book,False,C,1.0,8,0,17,0.7058823529411765,0.1424257674886762,0.30711720875973464
tv,(target-only),False,A,1.0,16,0,17,0.6764705882352942,0.28172421376731915,0.6707206504208599
tv,movie,False,B,0.0,16,0,17,0.8823529411764706,0.06311853969650327,0.28627202273816693
tv,movie,False,C,0.0,16,0,17,0.8823529411764706,0.06311853969650327,0.28627202273816693
tv,movie,False,C,0.5,16,0,17,0.8529411764705882,0.09434792170661987,0.42921943491443937
tv,movie,False,C,1.0,16,0,17,0.8529411764705882,0.09434792170661987,0.39839844695619997
tv,game,False,B,0.0,16,0,17,1.0294117647058822,-0.09302837035407951,0.0
tv,game,False,C,0.0,16,0,17,1.0294117647058822,-0.09302837035407951,0.0
tv,game,False,C,0.5,16,0,17,0.8823529411764706,0.06311853969650327,0.45579768681588884
tv,game,False,C,1.0,16,0,17,0.9117647058823529,0.03188915768638667,0.3154567162196484
tv,book,False,B,0.0,16,0,17,1.1176470588235294,-0.18671651638442932,-0.3468683320838493
tv,book,False,C,0.0,16,0,17,1.1176470588235294,-0.18671651638442932,-0.3468683320838493
tv,book,False,C,0.5,16,0,17,0.9411764705882353,0.0006597756762701801,0.09447959253864552
tv,book,False,C,1.0,16,0,17,0.8235294117647058,0.12557730371673637,0.4564836758722843
tv,movie+game,False,B,0.0,16,0,17,0.8823529411764706,0.06311853969650327,0.3027468197574472
tv,movie+game,False,C,0.0,16,0,17,0.8823529411764706,0.06311853969650327,0.3027468197574472
tv,movie+game,False,C,0.5,16,0,17,0.8529411764705882,0.09434792170661987,0.39839844695619997
tv,movie+game,False,C,1.0,16,0,17,0.8529411764705882,0.09434792170661987,0.4641136547015525
tv,movie+book,False,B,0.0,16,0,17,0.9117647058823529,0.03188915768638667,0.19076419329530642
tv,movie+book,False,C,0.0,16,0,17,0.9117647058823529,0.03188915768638667,0.19076419329530642
tv,movie+book,False,C,0.5,16,0,17,0.8235294117647058,0.12557730371673637,0.46326649423591404
tv,movie+book,False,C,1.0,16,0,17,0.8529411764705882,0.09434792170661987,0.42921943491443937
tv,game+book,False,B,0.0,16,0,17,1.0,-0.06179898834396291,-0.18671732732632673
tv,game+book,False,C,0.0,16,0,17,1.0,-0.06179898834396291,-0.18671732732632673
tv,game+book,False,C,0.5,16,0,17,0.8529411764705882,0.09434792170661987,0.31408596387007987
tv,game+book,False,C,1.0,16,0,17,0.7647058823529411,0.18803606773696957,0.5421820748760824
tv,movie+game+book,False,B,0.0,16,0,17,0.8529411764705882,0.09434792170661987,0.42921943491443937
tv,movie+game+book,False,C,0.0,16,0,17,0.8529411764705882,0.09434792170661987,0.42921943491443937
tv,movie+game+book,False,C,0.5,16,0,17,0.9117647058823529,0.03188915768638667,0.31403274034631984
tv,movie+game+book,False,C,1.0,16,0,17,0.8529411764705882,0.09434792170661987,0.4641136547015525
tv,(target-only),False,A,1.0,24,0,12,0.6666666666666666,0.13846153846153852,0.003987895170141852
tv,movie,False,B,0.0,24,0,12,0.5833333333333334,0.24615384615384617,0.42876828145952056
tv,movie,False,C,0.0,24,0,12,0.5833333333333334,0.24615384615384617,0.42876828145952056
tv,movie,False,C,0.5,24,0,12,0.5,0.3538461538461539,0.49814875999392466
tv,movie,False,C,1.0,24,0,12,0.5,0.3538461538461539,0.49814875999392466
tv,game,False,B,0.0,24,0,12,1.2083333333333333,-0.5615384615384613,-0.22934924102076193
tv,game,False,C,0.0,24,0,12,1.2083333333333333,-0.5615384615384613,-0.22934924102076193
tv,game,False,C,0.5,24,0,12,0.6666666666666666,0.13846153846153852,0.3184094118806603
tv,game,False,C,1.0,24,0,12,0.5416666666666666,0.30000000000000004,0.29389312977099236
tv,book,False,B,0.0,24,0,12,0.5833333333333334,0.24615384615384617,-0.03383841260962061
tv,book,False,C,0.0,24,0,12,0.5833333333333334,0.24615384615384617,-0.03383841260962061
tv,book,False,C,0.5,24,0,12,0.5416666666666666,0.30000000000000004,0.6394858894732023
tv,book,False,C,1.0,24,0,12,0.625,0.1923076923076923,0.1894592993859994
tv,movie+game,False,B,0.0,24,0,12,0.5416666666666666,0.30000000000000004,0.43485040484177756
tv,movie+game,False,C,0.0,24,0,12,0.5416666666666666,0.30000000000000004,0.43485040484177756
tv,movie+game,False,C,0.5,24,0,12,0.625,0.1923076923076923,0.23021492021035284
tv,movie+game,False,C,1.0,24,0,12,0.625,0.1923076923076923,0.23021492021035284
tv,movie+book,False,B,0.0,24,0,12,0.6666666666666666,0.13846153846153852,0.24076452656466735
tv,movie+book,False,C,0.0,24,0,12,0.6666666666666666,0.13846153846153852,0.24076452656466735
tv,movie+book,False,C,0.5,24,0,12,0.5833333333333334,0.24615384615384617,0.3007980968351491
tv,movie+book,False,C,1.0,24,0,12,0.5833333333333334,0.24615384615384617,0.3007980968351491
tv,game+book,False,B,0.0,24,0,12,0.75,0.03076923076923077,0.0
tv,game+book,False,C,0.0,24,0,12,0.75,0.03076923076923077,0.0
tv,game+book,False,C,0.5,24,0,12,0.5416666666666666,0.30000000000000004,0.4404733618018724
tv,game+book,False,C,1.0,24,0,12,0.6666666666666666,0.13846153846153852,0.25296616718441484
tv,movie+game+book,False,B,0.0,24,0,12,0.5833333333333334,0.24615384615384617,0.42876828145952056
tv,movie+game+book,False,C,0.0,24,0,12,0.5833333333333334,0.24615384615384617,0.42876828145952056
tv,movie+game+book,False,C,0.5,24,0,12,0.5833333333333334,0.24615384615384617,0.4727525449658482
tv,movie+game+book,False,C,1.0,24,0,12,0.5,0.3538461538461539,0.5064626866080152
tv,(target-only),False,A,1.0,32,0,16,0.6875,-0.011250401800064314,0.3459585350405465
tv,movie,False,B,0.0,32,0,16,0.5,0.2645451623272259,0.6825498026729144
tv,movie,False,C,0.0,32,0,16,0.5,0.2645451623272259,0.6825498026729144
tv,movie,False,C,0.5,32,0,16,0.5,0.2645451623272259,0.5561516910668192
tv,movie,False,C,1.0,32,0,16,0.5,0.2645451623272259,0.7705383665181177
tv,game,False,B,0.0,32,0,16,0.9375,-0.37897782063645136,-0.17694668191294008
tv,game,False,C,0.0,32,0,16,0.9375,-0.37897782063645136,-0.17694668191294008
tv,game,False,C,0.5,32,0,16,0.65625,0.034715525554483984,0.23603655177120256
tv,game,False,C,1.0,32,0,16,0.65625,0.034715525554483984,0.3959932879569511
tv,book,False,B,0.0,32,0,16,0.71875,-0.05721632915461283,-0.06280054818139975
tv,book,False,C,0.0,32,0,16,0.71875,-0.05721632915461283,-0.06280054818139975
tv,book,False,C,0.5,32,0,16,0.5625,0.1726133076181291,0.5279471315073356
tv,book,False,C,1.0,32,0,16,0.59375,0.1266473802635808,0.32831639064481516
tv,movie+game,False,B,0.0,32,0,16,0.46875,0.3105110896817743,0.7435082766222474
tv,movie+game,False,C,0.0,32,0,16,0.46875,0.3105110896817743,0.7435082766222474
tv,movie+game,False,C,0.5,32,0,16,0.5,0.2645451623272259,0.6825498026729144
tv,movie+game,False,C,1.0,32,0,16,0.53125,0.2185792349726775,0.6938894851393209
tv,movie+book,False,B,0.0,32,0,16,0.5,0.2645451623272259,0.7815179329240858
tv,movie+book,False,C,0.0,32,0,16,0.5,0.2645451623272259,0.7815179329240858
tv,movie+book,False,C,0.5,32,0,16,0.46875,0.3105110896817743,0.6951896138335238
tv,movie+book,False,C,1.0,32,0,16,0.53125,0.2185792349726775,0.7542101878676223
tv,game+book,False,B,0.0,32,0,16,0.5625,0.1726133076181291,0.5402361742344001
tv,game+book,False,C,0.0,32,0,16,0.5625,0.1726133076181291,0.5402361742344001
tv,game+book,False,C,0.5,32,0,16,0.625,0.08068145290903239,0.28327623466497703
tv,game+book,False,C,1.0,32,0,16,0.59375,0.1266473802635808,0.5676921232986296
tv,movie+game+book,False,B,0.0,32,0,16,0.46875,0.3105110896817743,0.8215877254396191
tv,movie+game+book,False,C,0.0,32,0,16,0.46875,0.3105110896817743,0.8215877254396191
tv,movie+game+book,False,C,0.5,32,0,16,0.46875,0.3105110896817743,0.8215877254396191
tv,movie+game+book,False,C,1.0,32,0,16,0.5625,0.1726133076181291,0.5005791524458746
tv,(target-only),False,A,1.0,40,0,17,0.8235294117647058,0.15476190476190477,0.47916154871002103
tv,movie,False,B,0.0,40,0,17,0.7941176470588235,0.18494897959183665,0.6028276245553679
tv,movie,False,C,0.0,40,0,17,0.7941176470588235,0.18494897959183665,0.6028276245553679
tv,movie,False,C,0.5,40,0,17,0.7352941176470589,0.24532312925170052,0.7609890109890111
tv,movie,False,C,1.0,40,0,17,0.7058823529411765,0.2755102040816325,0.6962913857963214
tv,game,False,B,0.0,40,0,17,1.0588235294117647,-0.08673469387755106,0.12910630584373786
tv,game,False,C,0.0,40,0,17,1.0588235294117647,-0.08673469387755106,0.12910630584373786
tv,game,False,C,0.5,40,0,17,0.7058823529411765,0.2755102040816325,0.7155773936168499
tv,game,False,C,1.0,40,0,17,0.7647058823529411,0.21513605442176864,0.6008946573817061
tv,book,False,B,0.0,40,0,17,1.088235294117647,-0.11692176870748305,-0.11815680200205772
tv,book,False,C,0.0,40,0,17,1.088235294117647,-0.11692176870748305,-0.11815680200205772
tv,book,False,C,0.5,40,0,17,0.8529411764705882,0.12457482993197277,0.3825549450549451
tv,book,False,C,1.0,40,0,17,0.7058823529411765,0.2755102040816325,0.7546357847925405
tv,movie+game,False,B,0.0,40,0,17,0.7647058823529411,0.21513605442176864,0.6480266805341591
tv,movie+game,False,C,0.0,40,0,17,0.7647058823529411,0.21513605442176864,0.6480266805341591
tv,movie+game,False,C,0.5,40,0,17,0.7352941176470589,0.24532312925170052,0.7414495429377932
tv,movie+game,False,C,1.0,40,0,17,0.6764705882352942,0.3056972789115645,0.8129346861991558
tv,movie+book,False,B,0.0,40,0,17,0.7941176470588235,0.18494897959183665,0.6028276245553679
tv,movie+book,False,C,0.0,40,0,17,0.7941176470588235,0.18494897959183665,0.6028276245553679
tv,movie+book,False,C,0.5,40,0,17,0.7058823529411765,0.2755102040816325,0.7781593406593407
tv,movie+book,False,C,1.0,40,0,17,0.7352941176470589,0.24532312925170052,0.667438140808329
tv,game+book,False,B,0.0,40,0,17,0.8823529411764706,0.09438775510204078,0.2786486302054062
tv,game+book,False,C,0.0,40,0,17,0.8823529411764706,0.09438775510204078,0.2786486302054062
tv,game+book,False,C,0.5,40,0,17,0.8529411764705882,0.12457482993197277,0.4548321058171157
tv,game+book,False,C,1.0,40,0,17,0.7352941176470589,0.24532312925170052,0.689232563177594
tv,movie+game+book,False,B,0.0,40,0,17,0.7941176470588235,0.18494897959183665,0.6028276245553679
tv,movie+game+book,False,C,0.0,40,0,17,0.7941176470588235,0.18494897959183665,0.6028276245553679
tv,movie+game+book,False,C,0.5,40,0,17,0.7647058823529411,0.21513605442176864,0.6854395604395604
tv,movie+game+book,False,C,1.0,40,0,17,0.7058823529411765,0.2755102040816325,0.7516203068104116
tv,(target-only),False,A,1.0,48,0,14,0.6785714285714286,-0.002547307132459986,0.33238722835298384
tv,movie,False,B,0.0,48,0,14,0.5,0.26128093158660837,0.43400006805121594
tv,movie,False,C,0.0,48,0,14,0.5,0.26128093158660837,0.43400006805121594
tv,movie,False,C,0.5,48,0,14,0.5714285714285714,0.15574963609898107,0.4141600649403033
tv,movie,False,C,1.0,48,0,14,0.5,0.26128093158660837,0.5516041979011681
tv,game,False,B,0.0,48,0,14,0.75,-0.10807860262008728,0.11202963226234826
tv,game,False,C,0.0,48,0,14,0.75,-0.10807860262008728,0.11202963226234826
tv,game,False,C,0.5,48,0,14,0.8571428571428571,-0.26637554585152845,-0.037693519612811706
tv,game,False,C,1.0,48,0,14,0.6071428571428571,0.10298398835516742,0.3518657752744983
tv,book,False,B,0.0,48,0,14,0.6071428571428571,0.10298398835516742,-0.1778907601709922
tv,book,False,C,0.0,48,0,14,0.6071428571428571,0.10298398835516742,-0.1778907601709922
tv,book,False,C,0.5,48,0,14,0.7142857142857143,-0.055312954876273634,0.19290143653758382
tv,book,False,C,1.0,48,0,14,0.6428571428571429,0.05021834061135355,0.2790111770846215
tv,movie+game,False,B,0.0,48,0,14,0.39285714285714285,0.41957787481804953,0.6440873270360818
tv,movie+game,False,C,0.0,48,0,14,0.39285714285714285,0.41957787481804953,0.6440873270360818
tv,movie+game,False,C,0.5,48,0,14,0.5357142857142857,0.20851528384279472,0.44164046644717536
tv,movie+game,False,C,1.0,48,0,14,0.5,0.26128093158660837,0.5003285108303057
tv,movie+book,False,B,0.0,48,0,14,0.5357142857142857,0.20851528384279472,0.4429079688769909
tv,movie+book,False,C,0.0,48,0,14,0.5357142857142857,0.20851528384279472,0.4429079688769909
tv,movie+book,False,C,0.5,48,0,14,0.5,0.26128093158660837,0.5800910270496299
tv,movie+book,False,C,1.0,48,0,14,0.5,0.26128093158660837,0.4934637712198267
tv,game+book,False,B,0.0,48,0,14,0.6428571428571429,0.05021834061135355,-0.15130880695513807
tv,game+book,False,C,0.0,48,0,14,0.6428571428571429,0.05021834061135355,-0.15130880695513807
tv,game+book,False,C,0.5,48,0,14,0.7857142857142857,-0.16084425036390093,-0.020544890541341055
tv,game+book,False,C,1.0,48,0,14,0.6785714285714286,-0.002547307132459986,0.16135836262454994
tv,movie+game+book,False,B,0.0,48,0,14,0.5357142857142857,0.20851528384279472,0.2657447813261946
tv,movie+game+book,False,C,0.0,48,0,14,0.5357142857142857,0.20851528384279472,0.2657447813261946
tv,movie+game+book,False,C,0.5,48,0,14,0.4642857142857143,0.3140465793304221,0.5365842000209076
tv,movie+game+book,False,C,1.0,48,0,14,0.5,0.26128093158660837,0.4476215347641334
game,(target-only),False,A,1.0,0,0,3,1.5,0.01666666666666672,0.0
game,movie,False,B,0.0,0,0,3,1.5,0.01666666666666672,0.0
game,movie,False,C,0.0,0,0,3,1.5,0.01666666666666672,0.0
game,movie,False,C,0.5,0,0,3,1.6666666666666667,-0.09259259259259256,-0.5000000000000001
game,movie,False,C,1.0,0,0,3,1.5,0.01666666666666672,0.5000000000000001
game,tv,False,B,0.0,0,0,3,1.5,0.01666666666666672,-0.5000000000000001
game,tv,False,C,0.0,0,0,3,1.5,0.01666666666666672,-0.5000000000000001
game,tv,False,C,0.5,0,0,3,1.0,0.34444444444444455,0.8660254037844387
game,tv,False,C,1.0,0,0,3,1.3333333333333333,0.1259259259259261,0.5000000000000001
game,book,False,B,0.0,0,0,3,1.5,0.01666666666666672,-0.5000000000000001
game,book,False,C,0.0,0,0,3,1.5,0.01666666666666672,-0.5000000000000001
game,book,False,C,0.5,0,0,3,1.3333333333333333,0.1259259259259261,0.8660254037844387
game,book,False,C,1.0,0,0,3,1.1666666666666667,0.23518518518518516,0.8660254037844387
game,movie+tv,False,B,0.0,0,0,3,1.5,0.01666666666666672,0.0
game,movie+tv,False,C,0.0,0,0,3,1.5,0.01666666666666672,0.0
game,movie+tv,False,C,0.5,0,0,3,1.5,0.01666666666666672,0.0
game,movie+tv,False,C,1.0,0,0,3,1.5,0.01666666666666672,0.0
game,movie+book,False,B,0.0,0,0,3,1.5,0.01666666666666672,0.0
game,movie+book,False,C,0.0,0,0,3,1.5,0.01666666666666672,0.0
game,movie+book,False,C,0.5,0,0,3,1.6666666666666667,-0.09259259259259256,-0.5000000000000001
game,movie+book,False,C,1.0,0,0,3,1.3333333333333333,0.1259259259259261,0.5000000000000001
game,tv+book,False,B,0.0,0,0,3,1.6666666666666667,-0.09259259259259256,-1.0
game,tv+book,False,C,0.0,0,0,3,1.6666666666666667,-0.09259259259259256,-1.0
game,tv+book,False,C,0.5,0,0,3,1.1666666666666667,0.23518518518518516,0.8660254037844387
game,tv+book,False,C,1.0,0,0,3,1.5,0.01666666666666672,0.5000000000000001
game,movie+tv+book,False,B,0.0,0,0,3,1.5,0.01666666666666672,0.0
game,movie+tv+book,False,C,0.0,0,0,3,1.5,0.01666666666666672,0.0
game,movie+tv+book,False,C,0.5,0,0,3,1.5,0.01666666666666672,0.0
game,movie+tv+book,False,C,1.0,0,0,3,1.5,0.01666666666666672,0.5000000000000001
game,(target-only),False,A,1.0,8,0,12,1.25,-0.22549019607843168,-0.4398099996826988
game,movie,False,B,0.0,8,0,12,0.9583333333333334,0.060457516339869066,0.023511520528619944
game,movie,False,C,0.0,8,0,12,0.9583333333333334,0.060457516339869066,0.023511520528619944
game,movie,False,C,0.5,8,0,12,1.0416666666666667,-0.021241830065359846,-0.22330763048562136
game,movie,False,C,1.0,8,0,12,1.0833333333333333,-0.06209150326797408,-0.24652966238449078
game,tv,False,B,0.0,8,0,12,1.0,0.01960784313725472,-0.20179913668364652
game,tv,False,C,0.0,8,0,12,1.0,0.01960784313725472,-0.20179913668364652
game,tv,False,C,0.5,8,0,12,0.9583333333333334,0.060457516339869066,-0.33434540234996857
game,tv,False,C,1.0,8,0,12,1.0416666666666667,-0.021241830065359846,-0.5690050199874005
game,book,False,B,0.0,8,0,12,1.0833333333333333,-0.06209150326797408,0.38103173776627214
game,book,False,C,0.0,8,0,12,1.0833333333333333,-0.06209150326797408,0.38103173776627214
game,book,False,C,0.5,8,0,12,1.0833333333333333,-0.06209150326797408,-0.08114737571170484
game,book,False,C,1.0,8,0,12,0.9583333333333334,0.060457516339869066,0.37555555555555553
game,movie+tv,False,B,0.0,8,0,12,0.9583333333333334,0.060457516339869066,0.18465823290157152
game,movie+tv,False,C,0.0,8,0,12,0.9583333333333334,0.060457516339869066,0.18465823290157152
game,movie+tv,False,C,0.5,8,0,12,1.0416666666666667,-0.021241830065359846,-0.3230388679520914
game,movie+tv,False,C,1.0,8,0,12,1.0833333333333333,-0.06209150326797408,-0.42572166735215305
game,movie+book,False,B,0.0,8,0,12,1.0,0.01960784313725472,0.03104602102825331
game,movie+book,False,C,0.0,8,0,12,1.0,0.01960784313725472,0.03104602102825331
game,movie+book,False,C,0.5,8,0,12,1.0,0.01960784313725472,-0.2039916322729067
game,movie+book,False,C,1.0,8,0,12,1.125,-0.10294117647058854,-0.31875000000000003
game,tv+book,False,B,0.0,8,0,12,0.9166666666666666,0.10130718954248352,-0.13502712035855327
game,tv+book,False,C,0.0,8,0,12,0.9166666666666666,0.10130718954248352,-0.13502712035855327
game,tv+book,False,C,0.5,8,0,12,1.0833333333333333,-0.06209150326797408,-0.3104602102825331
game,tv+book,False,C,1.0,8,0,12,1.2083333333333333,-0.18464052287581723,-0.3400409136337805
game,movie+tv+book,False,B,0.0,8,0,12,0.9166666666666666,0.10130718954248352,0.046358632497276536
game,movie+tv+book,False,C,0.0,8,0,12,0.9166666666666666,0.10130718954248352,0.046358632497276536
game,movie+tv+book,False,C,0.5,8,0,12,1.0416666666666667,-0.021241830065359846,-0.21160368475757946
game,movie+tv+book,False,C,1.0,8,0,12,0.9583333333333334,0.060457516339869066,-0.0044444444444444444
game,(target-only),False,A,1.0,16,0,4,1.125,0.05434782608695654,-0.23570226039551587
game,movie,False,B,0.0,16,0,4,1.0,0.1594202898550725,0.0
game,movie,False,C,0.0,16,0,4,1.0,0.1594202898550725,0.0
game,movie,False,C,0.5,16,0,4,0.75,0.3695652173913043,0.0
game,movie,False,C,1.0,16,0,4,1.0,0.1594202898550725,0.7071067811865477
game,tv,False,B,0.0,16,0,4,1.0,0.1594202898550725,0.0
game,tv,False,C,0.0,16,0,4,1.0,0.1594202898550725,0.0
game,tv,False,C,0.5,16,0,4,1.0,0.1594202898550725,0.0
game,tv,False,C,1.0,16,0,4,1.25,-0.050724637681159424,-0.5773502691896257
game,book,False,B,0.0,16,0,4,0.5,0.5797101449275363,0.0
game,book,False,C,0.0,16,0,4,0.5,0.5797101449275363,0.0
game,book,False,C,0.5,16,0,4,1.125,0.05434782608695654,0.23570226039551587
game,book,False,C,1.0,16,0,4,1.125,0.05434782608695654,0.5773502691896257
game,movie+tv,False,B,0.0,16,0,4,0.875,0.26449275362318847,0.5773502691896257
game,movie+tv,False,C,0.0,16,0,4,0.875,0.26449275362318847,0.5773502691896257
game,movie+tv,False,C,0.5,16,0,4,0.875,0.26449275362318847,0.5773502691896257
game,movie+tv,False,C,1.0,16,0,4,1.0,0.1594202898550725,0.0
game,movie+book,False,B,0.0,16,0,4,0.75,0.3695652173913043,0.0
game,movie+book,False,C,0.0,16,0,4,0.75,0.3695652173913043,0.0
game,movie+book,False,C,0.5,16,0,4,1.0,0.1594202898550725,0.0
game,movie+book,False,C,1.0,16,0,4,0.875,0.26449275362318847,0.5773502691896257
game,tv+book,False,B,0.0,16,0,4,1.25,-0.050724637681159424,0.0
game,tv+book,False,C,0.0,16,0,4,1.25,-0.050724637681159424,0.0
game,tv+book,False,C,0.5,16,0,4,1.125,0.05434782608695654,0.23570226039551587
game,tv+book,False,C,1.0,16,0,4,1.125,0.05434782608695654,-0.5773502691896257
game,movie+tv+book,False,B,0.0,16,0,4,1.125,0.05434782608695654,0.23570226039551587
game,movie+tv+book,False,C,0.0,16,0,4,1.125,0.05434782608695654,0.23570226039551587
game,movie+tv+book,False,C,0.5,16,0,4,1.0,0.1594202898550725,0.0
game,movie+tv+book,False,C,1.0,16,0,4,1.0,0.1594202898550725,0.0
game,(target-only),False,A,1.0,24,0,5,1.4,-0.0901639344262295,0.0
game,movie,False,B,0.0,24,0,5,0.9,0.2991803278688524,0.8838834764831843
game,movie,False,C,0.0,24,0,5,0.9,0.2991803278688524,0.8838834764831843
game,movie,False,C,0.5,24,0,5,1.0,0.2213114754098361,0.6454972243679028
game,movie,False,C,1.0,24,0,5,1.0,0.2213114754098361,0.6454972243679028
game,tv,False,B,0.0,24,0,5,1.1,0.14344262295081955,0.8029550685469662
game,tv,False,C,0.0,24,0,5,1.1,0.14344262295081955,0.8029550685469662
game,tv,False,C,0.5,24,0,5,1.0,0.2213114754098361,0.8838834764831843
game,tv,False,C,1.0,24,0,5,1.0,0.2213114754098361,0.8029550685469662
game,book,False,B,0.0,24,0,5,1.5,-0.1680327868852458,-0.3952847075210474
game,book,False,C,0.0,24,0,5,1.5,-0.1680327868852458,-0.3952847075210474
game,book,False,C,0.5,24,0,5,1.5,-0.1680327868852458,-0.3952847075210474
game,book,False,C,1.0,24,0,5,1.3,-0.012295081967213184,0.0
game,movie+tv,False,B,0.0,24,0,5,1.0,0.2213114754098361,0.6454972243679028
game,movie+tv,False,C,0.0,24,0,5,1.0,0.2213114754098361,0.6454972243679028
game,movie+tv,False,C,0.5,24,0,5,1.1,0.14344262295081955,0.6249999999999999
game,movie+tv,False,C,1.0,24,0,5,1.0,0.2213114754098361,0.6454972243679028
game,movie+book,False,B,0.0,24,0,5,0.9,0.2991803278688524,0.8838834764831843
game,movie+book,False,C,0.0,24,0,5,0.9,0.2991803278688524,0.8838834764831843
game,movie+book,False,C,0.5,24,0,5,1.0,0.2213114754098361,0.8838834764831843
game,movie+book,False,C,1.0,24,0,5,1.0,0.2213114754098361,0.6454972243679028
game,tv+book,False,B,0.0,24,0,5,1.0,0.2213114754098361,0.9999999999999999
game,tv+book,False,C,0.0,24,0,5,1.0,0.2213114754098361,0.9999999999999999
game,tv+book,False,C,0.5,24,0,5,1.2,0.06557377049180335,0.8749999999999999
game,tv+book,False,C,1.0,24,0,5,1.1,0.14344262295081955,0.6249999999999999
game,movie+tv+book,False,B,0.0,24,0,5,1.0,0.2213114754098361,0.6454972243679028
game,movie+tv+book,False,C,0.0,24,0,5,1.0,0.2213114754098361,0.6454972243679028
game,movie+tv+book,False,C,0.5,24,0,5,1.1,0.14344262295081955,0.6249999999999999
game,movie+tv+book,False,C,1.0,24,0,5,1.0,0.2213114754098361,0.6454972243679028
game,(target-only),False,A,1.0,32,0,11,1.1363636363636365,0.010093167701863415,-0.007390597454919313
game,movie,False,B,0.0,32,0,11,0.7727272727272727,0.3268633540372672,0.6325600684109842
game,movie,False,C,0.0,32,0,11,0.7727272727272727,0.3268633540372672,0.6325600684109842
game,movie,False,C,0.5,32,0,11,0.9545454545454546,0.1684782608695653,0.33432334015587745
game,movie,False,C,1.0,32,0,11,0.8636363636363636,0.2476708074534163,0.37410414754780685
game,tv,False,B,0.0,32,0,11,0.9090909090909091,0.2080745341614909,0.5415780754766228
game,tv,False,C,0.0,32,0,11,0.9090909090909091,0.2080745341614909,0.5415780754766228
game,tv,False,C,0.5,32,0,11,0.7272727272727273,0.3664596273291927,0.8579122334685574
game,tv,False,C,1.0,32,0,11,0.9545454545454546,0.1684782608695653,0.5115909431687862
game,book,False,B,0.0,32,0,11,0.9545454545454546,0.1684782608695653,0.09105743948976472
game,book,False,C,0.0,32,0,11,0.9545454545454546,0.1684782608695653,0.09105743948976472
game,book,False,C,0.5,32,0,11,0.9545454545454546,0.1684782608695653,0.3377410581502931
game,book,False,C,1.0,32,0,11,1.0909090909090908,0.049689440993789025,-0.23489150312292026
game,movie+tv,False,B,0.0,32,0,11,0.7272727272727273,0.3664596273291927,0.7490973123027556
game,movie+tv,False,C,0.0,32,0,11,0.7272727272727273,0.3664596273291927,0.7490973123027556
game,movie+tv,False,C,0.5,32,0,11,0.8636363636363636,0.2476708074534163,0.5637907575720469
game,movie+tv,False,C,1.0,32,0,11,0.8636363636363636,0.2476708074534163,0.5637907575720469
game,movie+book,False,B,0.0,32,0,11,0.8181818181818182,0.2872670807453417,0.7966563890720654
game,movie+book,False,C,0.0,32,0,11,0.8181818181818182,0.2872670807453417,0.7966563890720654
game,movie+book,False,C,0.5,32,0,11,0.9545454545454546,0.1684782608695653,0.4260665010495227
game,movie+book,False,C,1.0,32,0,11,0.9545454545454546,0.1684782608695653,0.18417273954076305
game,tv+book,False,B,0.0,32,0,11,0.9545454545454546,0.1684782608695653,0.551380177828794
game,tv+book,False,C,0.0,32,0,11,0.9545454545454546,0.1684782608695653,0.551380177828794
game,tv+book,False,C,0.5,32,0,11,0.8636363636363636,0.2476708074534163,0.4260665010495227
game,tv+book,False,C,1.0,32,0,11,0.9090909090909091,0.2080745341614909,0.19799644417742188
game,movie+tv+book,False,B,0.0,32,0,11,0.8636363636363636,0.2476708074534163,0.6625912362185139
game,movie+tv+book,False,C,0.0,32,0,11,0.8636363636363636,0.2476708074534163,0.6625912362185139
game,movie+tv+book,False,C,0.5,32,0,11,0.8636363636363636,0.2476708074534163,0.6625912362185139
game,movie+tv+book,False,C,1.0,32,0,11,0.8636363636363636,0.2476708074534163,0.5637907575720469
game,(target-only),False,A,1.0,40,0,3,2.5,-0.1644736842105261,-1.0
game,movie,False,B,0.0,40,0,3,1.8333333333333333,0.14605263157894743,0.5
game,movie,False,C,0.0,40,0,3,1.8333333333333333,0.14605263157894743,0.5
game,movie,False,C,0.5,40,0,3,2.1666666666666665,-0.009210526315789336,-0.5
game,movie,False,C,1.0,40,0,3,2.3333333333333335,-0.08684210526315783,-0.8660254037844387
game,tv,False,B,0.0,40,0,3,2.0,0.06842105263157905,0.8660254037844387
game,tv,False,C,0.0,40,0,3,2.0,0.06842105263157905,0.8660254037844387
game,tv,False,C,0.5,40,0,3,1.8333333333333333,0.14605263157894743,0.8660254037844387
game,tv,False,C,1.0,40,0,3,2.0,0.06842105263157905,0.8660254037844387
game,book,False,B,0.0,40,0,3,2.3333333333333335,-0.08684210526315783,0.0
game,book,False,C,0.0,40,0,3,2.3333333333333335,-0.08684210526315783,0.0
game,book,False,C,0.5,40,0,3,2.1666666666666665,-0.009210526315789336,0.8660254037844387
game,book,False,C,1.0,40,0,3,2.3333333333333335,-0.08684210526315783,0.0
game,movie+tv,False,B,0.0,40,0,3,1.8333333333333333,0.14605263157894743,0.5
game,movie+tv,False,C,0.0,40,0,3,1.8333333333333333,0.14605263157894743,0.5
game,movie+tv,False,C,0.5,40,0,3,1.8333333333333333,0.14605263157894743,0.5
game,movie+tv,False,C,1.0,40,0,3,2.0,0.06842105263157905,0.0
game,movie+book,False,B,0.0,40,0,3,1.8333333333333333,0.14605263157894743,0.5
game,movie+book,False,C,0.0,40,0,3,1.8333333333333333,0.14605263157894743,0.5
game,movie+book,False,C,0.5,40,0,3,2.0,0.06842105263157905,0.0
game,movie+book,False,C,1.0,40,0,3,2.1666666666666665,-0.009210526315789336,-0.5
game,tv+book,False,B,0.0,40,0,3,1.8333333333333333,0.14605263157894743,1.0
game,tv+book,False,C,0.0,40,0,3,1.8333333333333333,0.14605263157894743,1.0
game,tv+book,False,C,0.5,40,0,3,2.0,0.06842105263157905,0.8660254037844387
game,tv+book,False,C,1.0,40,0,3,2.1666666666666665,-0.009210526315789336,0.0
game,movie+tv+book,False,B,0.0,40,0,3,2.0,0.06842105263157905,0.0
game,movie+tv+book,False,C,0.0,40,0,3,2.0,0.06842105263157905,0.0
game,movie+tv+book,False,C,0.5,40,0,3,1.8333333333333333,0.14605263157894743,0.5
game,movie+tv+book,False,C,1.0,40,0,3,2.0,0.06842105263157905,0.0
game,(target-only),False,A,1.0,48,0,9,1.2222222222222223,0.20355191256830585,0.4018641911908734
game,movie,False,B,0.0,48,0,9,1.3888888888888888,0.0949453551912568,0.2251125844453741
game,movie,False,C,0.0,48,0,9,1.3888888888888888,0.0949453551912568,0.2251125844453741
game,movie,False,C,0.5,48,0,9,1.3888888888888888,0.0949453551912568,-0.04502251688907482
game,movie,False,C,1.0,48,0,9,1.4444444444444444,0.058743169398907,0.04502251688907482
game,tv,False,B,0.0,48,0,9,1.3888888888888888,0.0949453551912568,0.2251125844453741
game,tv,False,C,0.0,48,0,9,1.3888888888888888,0.0949453551912568,0.2251125844453741
game,tv,False,C,0.5,48,0,9,1.1666666666666667,0.23975409836065564,0.6296001877353568
game,tv,False,C,1.0,48,0,9,1.5,0.02254098360655732,0.14349920066683505
game,book,False,B,0.0,48,0,9,1.3333333333333333,0.1311475409836066,0.36018013511259855
game,book,False,C,0.0,48,0,9,1.3333333333333333,0.1311475409836066,0.36018013511259855
game,book,False,C,0.5,48,0,9,1.4444444444444444,0.058743169398907,0.6009819973837496
game,book,False,C,1.0,48,0,9,1.2777777777777777,0.16734972677595628,0.5903012777011402
game,movie+tv,False,B,0.0,48,0,9,1.3333333333333333,0.1311475409836066,0.2251125844453741
game,movie+tv,False,C,0.0,48,0,9,1.3333333333333333,0.1311475409836066,0.2251125844453741
game,movie+tv,False,C,0.5,48,0,9,1.3888888888888888,0.0949453551912568,0.2251125844453741
game,movie+tv,False,C,1.0,48,0,9,1.3888888888888888,0.0949453551912568,0.2251125844453741
game,movie+book,False,B,0.0,48,0,9,1.2222222222222223,0.20355191256830585,0.8104053040033466
game,movie+book,False,C,0.0,48,0,9,1.2222222222222223,0.20355191256830585,0.8104053040033466
game,movie+book,False,C,0.5,48,0,9,1.3888888888888888,0.0949453551912568,0.2251125844453741
game,movie+book,False,C,1.0,48,0,9,1.3888888888888888,0.0949453551912568,0.04745789978762495
game,tv+book,False,B,0.0,48,0,9,1.5,0.02254098360655732,0.19374606457303215
game,tv+book,False,C,0.0,48,0,9,1.5,0.02254098360655732,0.19374606457303215
game,tv+book,False,C,0.5,48,0,9,1.3888888888888888,0.0949453551912568,0.5205967931336314
game,tv+book,False,C,1.0,48,0,9,1.2777777777777777,0.16734972677595628,0.4324324324324325
game,movie+tv+book,False,B,0.0,48,0,9,1.2777777777777777,0.16734972677595628,0.5220368976638745
game,movie+tv+book,False,C,0.0,48,0,9,1.2777777777777777,0.16734972677595628,0.5220368976638745
game,movie+tv+book,False,C,0.5,48,0,9,1.3333333333333333,0.1311475409836066,0.5694947974514994
game,movie+tv+book,False,C,1.0,48,0,9,1.3888888888888888,0.0949453551912568,0.2828443375544817
book,(target-only),False,A,1.0,0,0,8,0.625,0.23076923076923073,0.6496947077223686
book,movie,False,B,0.0,0,0,8,1.5,-0.8461538461538463,0.11619857875482537
book,movie,False,C,0.0,0,0,8,1.5,-0.8461538461538463,0.11619857875482537
book,movie,False,C,0.5,0,0,8,0.6875,0.15384615384615385,0.3897418814769786
book,movie,False,C,1.0,0,0,8,0.625,0.23076923076923073,0.7405095748062592
book,tv,False,B,0.0,0,0,8,1.125,-0.3846153846153846,-0.25514595333753737
book,tv,False,C,0.0,0,0,8,1.125,-0.3846153846153846,-0.25514595333753737
book,tv,False,C,0.5,0,0,8,0.875,-0.07692307692307687,-0.08504865111251246
book,tv,False,C,1.0,0,0,8,0.6875,0.15384615384615385,0.716001555758157
book,game,False,B,0.0,0,0,8,0.875,-0.07692307692307687,0.4713471408966203
book,game,False,C,0.0,0,0,8,0.875,-0.07692307692307687,0.4713471408966203
book,game,False,C,0.5,0,0,8,0.75,0.07692307692307687,0.44376329157691197
book,game,False,C,1.0,0,0,8,0.5625,0.3076923076923077,0.7356216694105261
book,movie+tv,False,B,0.0,0,0,8,1.4375,-0.7692307692307692,0.1948709407384893
book,movie+tv,False,C,0.0,0,0,8,1.4375,-0.7692307692307692,0.1948709407384893
book,movie+tv,False,C,0.5,0,0,8,0.75,0.07692307692307687,0.17429786813223805
book,movie+tv,False,C,1.0,0,0,8,0.5625,0.3076923076923077,0.7955572841757301
book,movie+game,False,B,0.0,0,0,8,1.4375,-0.7692307692307692,0.1948709407384893
book,movie+game,False,C,0.0,0,0,8,1.4375,-0.7692307692307692,0.1948709407384893
book,movie+game,False,C,0.5,0,0,8,0.6875,0.15384615384615385,0.5625439504630119
book,movie+game,False,C,1.0,0,0,8,0.5625,0.3076923076923077,0.7955572841757301
book,tv+game,False,B,0.0,0,0,8,0.875,-0.07692307692307687,-0.25514595333753737
book,tv+game,False,C,0.0,0,0,8,0.875,-0.07692307692307687,-0.25514595333753737
book,tv+game,False,C,0.5,0,0,8,0.875,-0.07692307692307687,-0.05809928937741268
book,tv+game,False,C,1.0,0,0,8,0.6875,0.15384615384615385,0.5568900989230111
book,movie+tv+game,False,B,0.0,0,0,8,1.5,-0.8461538461538463,-0.17429786813223805
book,movie+tv+game,False,C,0.0,0,0,8,1.5,-0.8461538461538463,-0.17429786813223805
book,movie+tv+game,False,C,0.5,0,0,8,0.75,0.07692307692307687,0.17429786813223805
book,movie+tv+game,False,C,1.0,0,0,8,0.6875,0.15384615384615385,0.625302819949285
book,(target-only),False,A,1.0,8,0,9,0.5555555555555556,0.10596026490066235,-0.038069349381344056
book,movie,False,B,0.0,8,0,9,1.0555555555555556,-0.6986754966887416,-0.04662524041201569
book,movie,False,C,0.0,8,0,9,1.0555555555555556,-0.6986754966887416,-0.04662524041201569
book,movie,False,C,0.5,8,0,9,0.5555555555555556,0.10596026490066235,0.3263766828841098
book,movie,False,C,1.0,8,0,9,0.5555555555555556,0.10596026490066235,0.24418707826694394
book,tv,False,B,0.0,8,0,9,0.5555555555555556,0.10596026490066235,0.0
book,tv,False,C,0.0,8,0,9,0.5555555555555556,0.10596026490066235,0.0
book,tv,False,C,0.5,8,0,9,0.5555555555555556,0.10596026490066235,0.1057361065275362
book,tv,False,C,1.0,8,0,9,0.5555555555555556,0.10596026490066235,0.12209353913347197
book,game,False,B,0.0,8,0,9,0.7222222222222222,-0.1622516556291389,-0.16835582942151733
book,game,False,C,0.0,8,0,9,0.7222222222222222,-0.1622516556291389,-0.16835582942151733
book,game,False,C,0.5,8,0,9,0.3888888888888889,0.3741721854304636,0.746003846592251
book,game,False,C,1.0,8,0,9,0.5555555555555556,0.10596026490066235,0.0
book,movie+tv,False,B,0.0,8,0,9,1.1666666666666667,-0.8774834437086092,-0.3263766828841098
book,movie+tv,False,C,0.0,8,0,9,1.1666666666666667,-0.8774834437086092,-0.3263766828841098
book,movie+tv,False,C,0.5,8,0,9,0.4444444444444444,0.2847682119205299,0.4949015419574727
book,movie+tv,False,C,1.0,8,0,9,0.6666666666666666,-0.07284768211920523,0.09325048082403138
book,movie+game,False,B,0.0,8,0,9,1.1666666666666667,-0.8774834437086092,0.5595028849441883
book,movie+game,False,C,0.0,8,0,9,1.1666666666666667,-0.8774834437086092,0.5595028849441883
book,movie+game,False,C,0.5,8,0,9,0.5555555555555556,0.10596026490066235,0.3263766828841098
book,movie+game,False,C,1.0,8,0,9,0.5555555555555556,0.10596026490066235,0.4883741565338879
book,tv+game,False,B,0.0,8,0,9,0.7222222222222222,-0.1622516556291389,0.03640126041546321
book,tv+game,False,C,0.0,8,0,9,0.7222222222222222,-0.1622516556291389,0.03640126041546321
book,tv+game,False,C,0.5,8,0,9,0.5555555555555556,0.10596026490066235,0.0
book,tv+game,False,C,1.0,8,0,9,0.6666666666666666,-0.07284768211920523,-0.18650096164806276
book,movie+tv+game,False,B,0.0,8,0,9,1.0555555555555556,-0.6986754966887416,-0.04662524041201569
book,movie+tv+game,False,C,0.0,8,0,9,1.0555555555555556,-0.6986754966887416,-0.04662524041201569
book,movie+tv+game,False,C,0.5,8,0,9,0.5,0.19536423841059614,0.3263766828841098
book,movie+tv+game,False,C,1.0,8,0,9,0.6111111111111112,0.01655629139072845,0.2643402663188405
book,(target-only),False,A,1.0,16,0,5,0.9,0.17924528301886788,0.8660254037844386
book,movie,False,B,0.0,16,0,5,1.4,-0.2767295597484276,-0.28867513459481287
book,movie,False,C,0.0,16,0,5,1.4,-0.2767295597484276,-0.28867513459481287
book,movie,False,C,0.5,16,0,5,1.0,0.08805031446540879,0.7071067811865475
book,movie,False,C,1.0,16,0,5,0.9,0.17924528301886788,0.8660254037844386
book,tv,False,B,0.0,16,0,5,1.1,-0.003144654088050425,-0.28867513459481287
book,tv,False,C,0.0,16,0,5,1.1,-0.003144654088050425,-0.28867513459481287
book,tv,False,C,0.5,16,0,5,1.2,-0.09433962264150941,-0.35355339059327373
book,tv,False,C,1.0,16,0,5,1.0,0.08805031446540879,0.35355339059327373
book,game,False,B,0.0,16,0,5,0.7,0.3616352201257862,0.8660254037844386
book,game,False,C,0.0,16,0,5,0.7,0.3616352201257862,0.8660254037844386
book,game,False,C,0.5,16,0,5,0.8,0.270440251572327,0.6324555320336759
book,game,False,C,1.0,16,0,5,0.7,0.3616352201257862,0.9746794344808964
book,movie+tv,False,B,0.0,16,0,5,1.5,-0.3679245283018868,-0.7071067811865475
book,movie+tv,False,C,0.0,16,0,5,1.5,-0.3679245283018868,-0.7071067811865475
book,movie+tv,False,C,0.5,16,0,5,1.0,0.08805031446540879,0.7071067811865475
book,movie+tv,False,C,1.0,16,0,5,0.8,0.270440251572327,0.6324555320336759
book,movie+game,False,B,0.0,16,0,5,1.1,-0.003144654088050425,0.5773502691896257
book,movie+game,False,C,0.0,16,0,5,1.1,-0.003144654088050425,0.5773502691896257
book,movie+game,False,C,0.5,16,0,5,1.0,0.08805031446540879,0.7071067811865475
book,movie+game,False,C,1.0,16,0,5,0.9,0.17924528301886788,0.8660254037844386
book,tv+game,False,B,0.0,16,0,5,1.1,-0.003144654088050425,0.0
book,tv+game,False,C,0.0,16,0,5,1.1,-0.003144654088050425,0.0
book,tv+game,False,C,0.5,16,0,5,1.0,0.08805031446540879,0.7071067811865475
book,tv+game,False,C,1.0,16,0,5,1.1,-0.003144654088050425,0.5773502691896257
book,movie+tv+game,False,B,0.0,16,0,5,1.3,-0.18553459119496862,-0.8660254037844386
book,movie+tv+game,False,C,0.0,16,0,5,1.3,-0.18553459119496862,-0.8660254037844386
book,movie+tv+game,False,C,0.5,16,0,5,1.0,0.08805031446540879,0.7071067811865475
book,movie+tv+game,False,C,1.0,16,0,5,0.9,0.17924528301886788,0.8660254037844386
book,(target-only),False,A,1.0,24,0,8,0.5,0.13214990138067062,0.3838859479749573
book,movie,False,B,0.0,24,0,8,1.6875,-1.9289940828402363,-0.4588314677411236
book,movie,False,C,0.0,24,0,8,1.6875,-1.9289940828402363,-0.4588314677411236
book,movie,False,C,0.5,24,0,8,0.625,-0.08481262327416172,0.2961744388795462
book,movie,False,C,1.0,24,0,8,0.5625,0.023668639053254448,0.19194297398747864
book,tv,False,B,0.0,24,0,8,0.9375,-0.6272189349112425,-0.22941573387056177
book,tv,False,C,0.0,24,0,8,0.9375,-0.6272189349112425,-0.22941573387056177
book,tv,False,C,0.5,24,0,8,0.625,-0.08481262327416172,0.2961744388795462
book,tv,False,C,1.0,24,0,8,0.625,-0.08481262327416172,0.20232565955562803
book,game,False,B,0.0,24,0,8,0.8125,-0.41025641025641013,0.5162257329196674
book,game,False,C,0.0,24,0,8,0.8125,-0.41025641025641013,0.5162257329196674
book,game,False,C,0.5,24,0,8,0.5,0.13214990138067062,0.4564683715098965
book,game,False,C,1.0,24,0,8,0.625,-0.08481262327416172,0.0
book,movie+tv,False,B,0.0,24,0,8,1.6875,-1.9289940828402363,0.0
book,movie+tv,False,C,0.0,24,0,8,1.6875,-1.9289940828402363,0.0
book,movie+tv,False,C,0.5,24,0,8,0.5625,0.023668639053254448,0.6622661785325219
book,movie+tv,False,C,1.0,24,0,8,0.625,-0.08481262327416172,0.20232565955562803
book,movie+game,False,B,0.0,24,0,8,1.625,-1.8205128205128203,0.606976978666884
book,movie+game,False,C,0.0,24,0,8,1.625,-1.8205128205128203,0.606976978666884
book,movie+game,False,C,0.5,24,0,8,0.5625,0.023668639053254448,0.40465131911125607
book,movie+game,False,C,1.0,24,0,8,0.75,-0.30177514792899407,-0.19194297398747864
book,tv+game,False,B,0.0,24,0,8,0.75,-0.30177514792899407,0.6358806443176882
book,tv+game,False,C,0.0,24,0,8,0.75,-0.30177514792899407,0.6358806443176882
book,tv+game,False,C,0.5,24,0,8,0.625,-0.08481262327416172,0.37591512947873834
book,tv+game,False,C,1.0,24,0,8,0.625,-0.08481262327416172,0.20232565955562803
book,movie+tv+game,False,B,0.0,24,0,8,1.5625,-1.7120315581854042,-0.3973597071195132
book,movie+tv+game,False,C,0.0,24,0,8,1.5625,-1.7120315581854042,-0.3973597071195132
book,movie+tv+game,False,C,0.5,24,0,8,0.5625,0.023668639053254448,0.40465131911125607
book,movie+tv+game,False,C,1.0,24,0,8,0.625,-0.08481262327416172,0.20232565955562803
book,(target-only),False,A,1.0,32,0,2,0.5,0.33333333333333337,0.9999999999999999
book,movie,False,B,0.0,32,0,2,1.0,-0.33333333333333326,-0.9999999999999999
book,movie,False,C,0.0,32,0,2,1.0,-0.33333333333333326,-0.9999999999999999
book,movie,False,C,0.5,32,0,2,0.5,0.33333333333333337,0.9999999999999999
book,movie,False,C,1.0,32,0,2,0.5,0.33333333333333337,0.9999999999999999
book,tv,False,B,0.0,32,0,2,0.5,0.33333333333333337,0.9999999999999999
book,tv,False,C,0.0,32,0,2,0.5,0.33333333333333337,0.9999999999999999
book,tv,False,C,0.5,32,0,2,0.5,0.33333333333333337,0.9999999999999999
book,tv,False,C,1.0,32,0,2,0.75,0.0,0.0
book,game,False,B,0.0,32,0,2,0.5,0.33333333333333337,0.9999999999999999
book,game,False,C,0.0,32,0,2,0.5,0.33333333333333337,0.9999999999999999
book,game,False,C,0.5,32,0,2,0.5,0.33333333333333337,0.9999999999999999
book,game,False,C,1.0,32,0,2,0.75,0.0,0.0
book,movie+tv,False,B,0.0,32,0,2,0.75,0.0,0.0
book,movie+tv,False,C,0.0,32,0,2,0.75,0.0,0.0
book,movie+tv,False,C,0.5,32,0,2,0.5,0.33333333333333337,0.9999999999999999
book,movie+tv,False,C,1.0,32,0,2,0.5,0.33333333333333337,0.9999999999999999
book,movie+game,False,B,0.0,32,0,2,0.75,0.0,0.0
book,movie+game,False,C,0.0,32,0,2,0.75,0.0,0.0
book,movie+game,False,C,0.5,32,0,2,0.5,0.33333333333333337,0.9999999999999999
book,movie+game,False,C,1.0,32,0,2,0.5,0.33333333333333337,0.9999999999999999
book,tv+game,False,B,0.0,32,0,2,0.75,0.0,0.0
book,tv+game,False,C,0.0,32,0,2,0.75,0.0,0.0
book,tv+game,False,C,0.5,32,0,2,0.5,0.33333333333333337,0.9999999999999999
book,tv+game,False,C,1.0,32,0,2,0.75,0.0,0.0
book,movie+tv+game,False,B,0.0,32,0,2,1.0,-0.33333333333333326,-0.9999999999999999
book,movie+tv+game,False,C,0.0,32,0,2,1.0,-0.33333333333333326,-0.9999999999999999
book,movie+tv+game,False,C,0.5,32,0,2,0.75,0.0,0.0
book,movie+tv+game,False,C,1.0,32,0,2,0.75,0.0,0.0
book,(target-only),False,A,1.0,40,0,9,0.7777777777777778,0.09352517985611497,0.34222378222022665
book,movie,False,B,0.0,40,0,9,1.6666666666666667,-0.942446043165468,0.576556660197055
book,movie,False,C,0.0,40,0,9,1.6666666666666667,-0.942446043165468,0.576556660197055
book,movie,False,C,0.5,40,0,9,0.6111111111111112,0.28776978417266175,0.8317767989319802
book,movie,False,C,1.0,40,0,9,0.8333333333333334,0.028776978417266008,0.44208776893462615
book,tv,False,B,0.0,40,0,9,1.2222222222222223,-0.4244604316546765,-0.4826876660816837
book,tv,False,C,0.0,40,0,9,1.2222222222222223,-0.4244604316546765,-0.4826876660816837
book,tv,False,C,0.5,40,0,9,0.7777777777777778,0.09352517985611497,0.38366763572245016
book,tv,False,C,1.0,40,0,9,0.7777777777777778,0.09352517985611497,0.36539907432351754
book,game,False,B,0.0,40,0,9,0.7777777777777778,0.09352517985611497,0.6982375043891673
book,game,False,C,0.0,40,0,9,0.7777777777777778,0.09352517985611497,0.6982375043891673
book,game,False,C,0.5,40,0,9,0.5555555555555556,0.3525179856115107,0.741403727519283
book,game,False,C,1.0,40,0,9,0.7777777777777778,0.09352517985611497,0.28419928002940253
book,movie+tv,False,B,0.0,40,0,9,1.7222222222222223,-1.007194244604317,0.4853626716970754
book,movie+tv,False,C,0.0,40,0,9,1.7222222222222223,-1.007194244604317,0.4853626716970754
book,movie+tv,False,C,0.5,40,0,9,0.6666666666666666,0.2230215827338129,0.784464540552736
book,movie+tv,False,C,1.0,40,0,9,0.7777777777777778,0.09352517985611497,0.5229763603684907
book,movie+game,False,B,0.0,40,0,9,1.6666666666666667,-0.942446043165468,0.0
book,movie+game,False,C,0.0,40,0,9,1.6666666666666667,-0.942446043165468,0.0
book,movie+game,False,C,0.5,40,0,9,0.6111111111111112,0.28776978417266175,0.8525978400882076
book,movie+game,False,C,1.0,40,0,9,0.7777777777777778,0.09352517985611497,0.44208776893462615
book,tv+game,False,B,0.0,40,0,9,1.0555555555555556,-0.23021582733812962,-0.4622501635210242
book,tv+game,False,C,0.0,40,0,9,1.0555555555555556,-0.23021582733812962,-0.4622501635210242
book,tv+game,False,C,0.5,40,0,9,0.7777777777777778,0.09352517985611497,0.44208776893462615
book,tv+game,False,C,1.0,40,0,9,0.7777777777777778,0.09352517985611497,0.34735467559149197
book,movie+tv+game,False,B,0.0,40,0,9,1.7222222222222223,-1.007194244604317,-0.4853626716970754
book,movie+tv+game,False,C,0.0,40,0,9,1.7222222222222223,-1.007194244604317,-0.4853626716970754
book,movie+tv+game,False,C,0.5,40,0,9,0.7222222222222222,0.15827338129496393,0.5999762578398498
book,movie+tv+game,False,C,1.0,40,0,9,0.8888888888888888,-0.03597122302158273,0.1987675703140404
book,(target-only),False,A,1.0,48,0,6,0.5833333333333334,0.12499999999999989,0.6642111641550715
book,movie,False,B,0.0,48,0,6,1.3333333333333333,-1.0,0.0
book,movie,False,C,0.0,48,0,6,1.3333333333333333,-1.0,0.0
book,movie,False,C,0.5,48,0,6,0.5,0.25,0.6301260378126045
book,movie,False,C,1.0,48,0,6,0.4166666666666667,0.3749999999999999,0.6859943405700354
book,tv,False,B,0.0,48,0,6,0.8333333333333334,-0.2500000000000002,0.2504897164340598
book,tv,False,C,0.0,48,0,6,0.8333333333333334,-0.2500000000000002,0.2504897164340598
book,tv,False,C,0.5,48,0,6,0.6666666666666666,0.0,0.31506301890630223
book,tv,False,C,1.0,48,0,6,0.5,0.25,0.8574929257125441
book,game,False,B,0.0,48,0,6,0.75,-0.125,0.36007896737396106
book,game,False,C,0.0,48,0,6,0.75,-0.125,0.36007896737396106
book,game,False,C,0.5,48,0,6,0.6666666666666666,0.0,0.3429971702850177
book,game,False,C,1.0,48,0,6,0.6666666666666666,0.0,0.3429971702850177
book,movie+tv,False,B,0.0,48,0,6,1.4166666666666667,-1.1250000000000004,-0.6642111641550715
book,movie+tv,False,C,0.0,48,0,6,1.4166666666666667,-1.1250000000000004,-0.6642111641550715
book,movie+tv,False,C,0.5,48,0,6,0.5,0.25,0.6301260378126045
book,movie+tv,False,C,1.0,48,0,6,0.3333333333333333,0.5,0.9393364366277243
book,movie+game,False,B,0.0,48,0,6,1.25,-0.875,0.6642111641550715
book,movie+game,False,C,0.0,48,0,6,1.25,-0.875,0.6642111641550715
book,movie+game,False,C,0.5,48,0,6,0.5,0.25,0.6301260378126045
book,movie+game,False,C,1.0,48,0,6,0.3333333333333333,0.5,0.9393364366277243
book,tv+game,False,B,0.0,48,0,6,0.6666666666666666,0.0,0.0
book,tv+game,False,C,0.0,48,0,6,0.6666666666666666,0.0,0.0
book,tv+game,False,C,0.5,48,0,6,0.6666666666666666,0.0,0.420084025208403
book,tv+game,False,C,1.0,48,0,6,0.5,0.25,0.7045023274707932
book,movie+tv+game,False,B,0.0,48,0,6,1.3333333333333333,-1.0,0.0
book,movie+tv+game,False,C,0.0,48,0,6,1.3333333333333333,-1.0,0.0
book,movie+tv+game,False,C,0.5,48,0,6,0.5,0.25,0.6301260378126045
book,movie+tv+game,False,C,1.0,48,0,6,0.4166666666666667,0.3749999999999999,0.6262242910851495
